{"cameraMode":{"drawMode":0,"name":"Shaded","section":"Shading Mode"},"sceneLighting":true,"audioPlay":false,"sceneViewState":{"m_AlwaysRefresh":false,"showFog":false,"showSkybox":true,"showFlares":true,"showImageEffects":true,"showParticleSystems":true,"showVisualEffectGraphs":true,"m_FxEnabled":true},"in2DMode":false,"pivot":{"x":-0.8557456731796265,"y":2.924243211746216,"z":-13.815096855163575},"rotation":{"x":-0.0012277457863092423,"y":0.9980679750442505,"z":-0.05845370143651962,"w":-0.020962469279766084},"size":9.342015266418457,"orthographic":false}